Romain Bignon <romain@symlink.me> <romain@peerfuse.org>
Romain Bignon <romain@symlink.me> <romain@budget-insight.com>
Juke <juke@free.fr> <juke@jhebert.priv.staff.proxad.net>
Juke <juke@free.fr> Julien Hebert <juke@free.fr>
Juke <juke@free.fr> <juke@budget-insight.com>
Clément Schreiner <clement@mux.me> <clemux@clemux.info>
Noé Rubinstein <noe.rubinstein@gmail.com>
Johann Broudin <johann.broudin@6-8.fr> <Johann.Broudin@6-8.fr>
Florent Fourcot <weboob@flo.fourcot.fr> Florent <weboob@flo.fourcot.fr>
Florent Fourcot <weboob@flo.fourcot.fr> <florent.fourcot@resel.fr>
Florent Fourcot <weboob@flo.fourcot.fr> <ffourcot@fourcot.fr>
Florent Fourcot <weboob@flo.fourcot.fr> ffourcot <ffourcot@fourcot.fr>
Florent Fourcot <weboob@flo.fourcot.fr> Florent Fourcot <florent.fourcot@wifirst.fr>
Nicolas Duhamel <nicolas@jombi.fr> <nicolas@macmini.local>
Gabriel Kerneis <gabriel@kerneis.info> <kerneis@pps.jussieu.fr>
Christophe Lampin <weboob@lampin.net> Kitof <git@kitof.net>
Ahmed Boussadia <ahmed.boussadia@gmail.com> Ahmed Bousadia <ahmed.boussadia@gmail.com>
Simon Murail <simon.murail@budget-insight.com> smurail <simon.murail@budget-insight.com>
Vincent Paredes <vparedes@budget-insight.com> <vincentparedes@gmail.com>
Jean-Philippe Dutrève <jdutreve@winancial.com> <jdutreve@gmail.com>
Jean-Philippe Dutrève <jdutreve@winancial.com> Jean-Philippe Dutreve <jdutreve@winancial.com>
Baptiste Delpey <bdelpey@budget-insight.com> <bdelpey@budget-insight.fr> bdelpey <bdelpey@budget-insight.fr> <baptiste@uhu.home>
Samuel Loury <konubinixweb@gmail.com> <samuel.loury@cosmo-platform.org>
Vincent Ardisson <va@budget-insight.com> <dev@indigo.re>
Benjamin CARTON <carton_ben@yahoo.fr> Bezleputh <carton_ben@yahoo.fr>
Phyks (Lucas Verney) <phyks@phyks.me> Phyks <phyks+weboob@phyks.me>
Victor Kannemacher <vkannemacher@budget-insight.com> <vkannemacher.budgetinsight@gmail.com>
Victor Kannemacher <vkannemacher@budget-insight.com> <vkannema@student.42.fr>
Étienne Lacheré <etienne.lachere@budget-insight.com> <elacher@budget-insight.com>
Étienne Lacheré <etienne.lachere@budget-insight.com> <etiennelachere93@gmail.com>
Tony Malto <tmalto@budget-insight.com> <tmalto.bi@gmail.com>
Barthélemy Gouby <bgouby@budget-insight.com> <barth@double-decimetre.lan.budget-insight.com>
Barthélemy Gouby <bgouby@budget-insight.com> <barthelemy.gouby@gmail.com>
